datetime,latitude,longitude,depth
2020-01-01 19:01:54.900000,40.8197,28.9303,13.1
2020-01-02 04:57:48.500000,40.6353,29.1317,7.0
2020-01-02 11:18:40.900000,40.8308,28.347,7.5
2020-01-02 18:58:53.200000,40.7002,29.2073,16.4
2020-01-03 00:39:11.700000,40.882,28.2262,10.0
2020-01-03 14:51:44.900000,40.8223,27.9467,14.0
2020-01-04 11:31:16.100000,40.6245,29.1602,7.0
2020-01-04 17:13:02.800000,40.7703,29.0457,15.0
2020-01-04 21:48:00.800000,40.8895,28.2225,8.1
2020-01-05 00:13:31.500000,40.8927,28.2283,2.1
2020-01-05 02:12:48.700000,40.598,28.9575,16.6
2020-01-05 20:19:49.900000,40.7808,29.06,8.8
2020-01-08 08:51:20.000000,40.6532,29.1103,9.9
2020-01-11 03:28:02.400000,40.7042,27.4173,9.4
2020-01-11 03:28:57.800000,40.7185,27.4257,9.2
2020-01-11 03:33:16.200000,40.6975,27.4017,8.7
2020-01-11 03:33:59.500000,40.6978,27.42,4.3
2020-01-11 03:36:07.500000,40.6997,27.4065,9.3
2020-01-11 03:37:04.000000,40.6947,27.3822,5.4
2020-01-11 03:39:55.600000,40.6945,27.4122,8.9
2020-01-11 03:40:26.400000,40.7012,27.422,9.2
2020-01-11 03:43:27.700000,40.6838,27.3233,6.8
2020-01-11 03:43:46.000000,40.7047,27.4157,9.6
2020-01-11 03:44:30.600000,40.7145,27.3807,5.9
2020-01-11 03:45:49.500000,40.6855,27.3993,7.2
2020-01-11 03:49:50.100000,40.701,27.401,8.8
2020-01-11 03:57:34.500000,40.6897,27.4075,5.9
2020-01-11 03:59:03.400000,40.6708,27.3957,5.0
2020-01-11 04:14:45.500000,40.6838,27.3963,7.4
2020-01-11 04:20:44.500000,40.701,27.4,8.8
2020-01-11 04:38:19.100000,40.6993,27.4048,7.8
2020-01-11 04:39:19.600000,40.7015,27.4037,8.2
2020-01-11 04:42:50.300000,40.7023,27.4087,8.6
2020-01-11 05:09:12.300000,40.7005,27.4118,8.9
2020-01-11 05:12:17.000000,40.7127,27.4212,11.4
2020-01-11 05:15:26.200000,40.7005,27.403,10.4
2020-01-11 05:25:22.900000,40.7368,27.4435,8.9
2020-01-11 05:27:39.700000,40.7088,27.3938,10.0
2020-01-11 05:33:57.300000,40.6953,27.3985,8.0
2020-01-11 05:42:19.200000,40.7328,27.4232,11.3
2020-01-11 06:07:32.500000,40.72,27.3675,11.6
2020-01-11 06:12:51.100000,40.7213,27.3812,11.6
2020-01-11 06:16:55.200000,40.7072,27.397,10.1
2020-01-11 06:21:49.300000,40.7078,27.391,10.6
2020-01-11 06:29:01.600000,40.7142,27.3942,10.5
2020-01-11 06:31:16.100000,40.6892,27.3905,6.1
2020-01-11 06:33:05.400000,40.7228,27.4218,9.9
2020-01-11 06:34:30.500000,40.7107,27.4218,7.4
2020-01-11 06:37:36.100000,40.7247,27.4268,11.7
2020-01-11 06:38:26.900000,40.7078,27.4187,13.5
2020-01-11 06:49:34.400000,40.7097,27.4342,12.0
2020-01-11 06:57:30.900000,40.7045,27.4145,9.2
2020-01-11 07:11:56.000000,40.7113,27.4325,9.4
2020-01-11 07:13:08.400000,40.7197,27.4202,12.0
2020-01-11 07:15:21.000000,40.7058,27.408,11.7
2020-01-11 07:25:28.100000,40.7078,27.4197,8.9
2020-01-11 07:27:31.100000,40.7002,27.4213,12.7
2020-01-11 07:49:48.700000,40.7153,27.4183,11.5
2020-01-11 07:57:17.500000,40.665,27.3977,5.0
2020-01-11 08:08:57.100000,40.7223,27.437,11.7
2020-01-11 09:16:50.800000,40.6857,27.4232,3.7
2020-01-11 09:19:42.200000,40.407,27.3947,13.6
2020-01-11 09:24:00.600000,40.716,27.4145,12.0
2020-01-11 09:56:41.000000,40.703,27.407,9.7
2020-01-11 10:00:30.200000,40.7275,27.4192,10.7
2020-01-11 11:04:29.100000,40.6625,27.4312,10.2
2020-01-11 11:18:21.900000,40.7218,27.4033,11.1
2020-01-11 11:36:43.600000,40.8298,27.569,16.7
2020-01-11 12:42:36.400000,40.6992,27.405,11.3
2020-01-11 12:53:10.900000,40.6987,27.4168,7.3
2020-01-11 13:37:36.700000,40.8613,28.2268,14.4
2020-01-11 13:50:26.800000,40.8672,28.28,17.7
2020-01-11 14:32:12.500000,40.8977,28.1928,14.3
2020-01-11 15:04:00.000000,40.7133,27.422,5.8
2020-01-11 15:48:24.700000,40.7175,27.4277,6.6
2020-01-11 15:59:59.300000,40.73,27.4273,15.2
2020-01-11 16:17:12.700000,40.9203,29.3327,0.0
2020-01-11 16:30:47.100000,40.7015,27.4182,5.5
2020-01-11 16:31:25.600000,40.6987,27.4252,5.0
2020-01-11 17:03:50.800000,40.7272,27.441,14.0
2020-01-11 17:06:24.600000,40.7328,27.448,9.7
2020-01-11 19:49:10.300000,40.8508,28.2195,6.9
2020-01-11 21:07:56.200000,40.7152,27.4072,7.3
2020-01-11 21:14:54.400000,40.7263,27.427,9.3
2020-01-12 00:15:17.700000,40.8747,28.258,9.2
2020-01-12 01:29:05.000000,40.7107,27.3753,9.7
2020-01-12 02:47:45.100000,40.9027,28.1922,15.4
2020-01-12 04:54:45.400000,40.8968,28.1913,8.6
2020-01-12 05:11:07.900000,40.8885,28.327,6.4
2020-01-12 12:51:20.600000,40.6988,27.4063,5.4
2020-01-14 15:02:51.400000,40.725,27.4148,8.1
2020-01-14 15:15:15.600000,40.6617,27.3443,8.8
2020-01-15 02:42:45.100000,40.705,27.3692,10.1
2020-01-15 03:05:50.600000,40.7025,27.4143,10.5
2020-01-18 09:23:17.900000,40.852,28.2108,4.6
2020-01-18 11:03:42.500000,40.5875,29.0088,3.5
2020-01-18 21:16:18.200000,40.8633,28.2048,14.5
2020-01-21 22:23:59.000000,40.598,28.9432,18.1
2020-01-23 17:48:10.100000,40.9545,28.306,5.0
2020-01-23 18:19:05.700000,40.9042,28.263,25.3
2020-01-24 00:08:25.000000,40.3167,27.6455,13.8
2020-01-24 04:21:51.400000,40.8657,27.5737,1.5
2020-01-25 03:15:43.500000,40.8518,28.3197,5.5
2020-01-25 09:55:47.500000,40.835,27.99,19.6
2020-01-25 22:49:13.400000,40.5565,27.7995,16.1
2020-01-26 18:11:01.600000,40.7873,27.4805,15.8
2020-01-27 04:50:32.100000,40.5995,28.9377,5.7
2020-01-27 08:03:05.200000,40.8073,28.8385,14.7
2020-01-27 22:44:04.700000,40.8293,28.8335,7.4
2020-01-28 16:54:26.600000,40.8532,28.157,14.5
2020-01-31 10:37:34.500000,40.6172,27.5663,2.4
2020-01-31 13:02:15.700000,40.7952,28.9985,11.0
2020-01-31 13:05:01.600000,40.803,28.9885,11.5
2020-01-31 13:21:58.900000,40.7957,28.9637,11.1
2020-01-31 13:31:51.700000,40.7978,28.9818,11.7
2020-01-31 13:38:16.500000,40.7972,28.999,13.1
2020-01-31 14:02:41.300000,40.8077,28.9365,4.6
2020-01-31 14:49:22.900000,40.3488,28.3638,12.7
2020-01-31 14:51:24.400000,40.3222,28.2733,23.3
2020-01-31 20:36:15.700000,40.8613,28.2845,12.9
2020-10-01 04:17:26.500000,40.8225,28.1903,14.5
2020-10-01 20:34:57.100000,40.8397,28.0093,8.5
2020-10-02 07:32:56.000000,40.4648,29.2698,0.0
2020-10-02 08:43:53.400000,40.6685,27.4387,5.0
2020-10-04 02:36:47.200000,40.5443,28.1405,5.4
2020-10-05 11:53:37.200000,40.9045,28.2298,17.9
2020-10-05 16:39:47.400000,40.8167,28.0358,14.1
2020-10-06 08:52:29.600000,40.4772,29.2822,0.0
2020-10-06 09:15:45.600000,40.7955,29.6053,0.0
2020-10-07 02:01:01.200000,40.8765,28.2167,14.4
2020-10-07 08:45:20.600000,40.5365,29.2572,0.0
2020-10-08 08:27:00.400000,40.4792,29.2802,0.0
2020-10-09 14:58:48.400000,40.5888,27.481,9.4
2020-10-09 21:28:21.300000,40.8235,28.0192,14.8
2020-10-09 22:10:44.400000,40.8347,28.0107,10.3
2020-10-10 13:38:53.300000,40.4348,29.1563,0.0
2020-10-11 21:19:16.600000,40.5873,28.9917,5.3
2020-10-12 19:28:43.300000,40.8468,27.9952,12.1
2020-10-12 19:33:10.500000,40.7693,27.9363,7.5
2020-10-13 16:21:46.300000,40.5748,29.0223,1.4
2020-10-13 23:49:54.100000,40.3928,27.443,14.0
2020-10-14 14:54:09.900000,40.6457,27.5868,3.6
2020-10-15 04:31:15.200000,40.5935,28.9923,6.5
2020-10-15 04:31:59.900000,40.567,29.005,2.1
2020-10-15 04:35:17.400000,40.5872,28.9933,3.8
2020-10-15 13:55:12.900000,40.8722,28.7417,5.4
2020-10-15 14:07:26.900000,40.8775,28.7405,15.2
2020-10-15 15:02:22.300000,40.8717,28.7578,10.0
2020-10-15 18:20:37.700000,40.8382,28.7618,14.1
2020-10-15 20:15:02.200000,40.8803,28.7553,4.5
2020-10-16 02:49:03.900000,40.7578,27.4423,13.8
2020-10-16 04:33:53.800000,40.5932,28.9977,3.9
2020-10-16 10:51:54.500000,40.6063,28.978,11.2
2020-10-16 22:17:24.400000,40.7943,27.4608,17.9
2020-10-17 04:33:45.900000,40.883,28.7365,16.6
2020-10-18 01:40:56.600000,40.6307,29.0758,3.3
2020-10-19 08:53:45.100000,40.6755,27.4117,7.5
2020-10-19 09:00:17.900000,40.7265,27.4373,12.3
2020-10-19 09:00:44.300000,40.6815,27.3952,5.6
2020-10-19 12:23:27.200000,40.6365,29.1013,10.0
2020-10-20 03:31:15.700000,40.6313,29.0943,8.6
2020-10-20 11:14:22.700000,40.3085,29.4095,5.0
2020-10-20 11:29:00.000000,40.4565,29.2047,0.0
2020-10-20 20:17:03.900000,40.6208,28.9773,7.3
2020-10-20 22:26:24.600000,40.803,27.4883,14.7
2020-10-21 02:55:25.900000,40.602,28.9787,5.3
2020-10-21 03:27:26.500000,40.6212,28.9392,13.5
2020-10-21 03:55:19.000000,40.5862,28.9947,5.9
2020-10-21 03:56:54.300000,40.6107,28.9657,9.6
2020-10-22 00:49:49.500000,40.7243,27.4808,14.5
2020-10-23 09:07:52.900000,40.4323,29.269,0.0
2020-10-24 21:49:36.300000,40.4512,29.143,11.5
2020-10-25 15:54:16.200000,40.7698,29.0723,11.8
2020-10-25 21:27:33.300000,40.885,28.2482,8.6
2020-10-25 22:11:52.300000,40.7653,29.084,9.9
2020-10-26 03:11:23.600000,40.7627,28.9438,4.8
2020-10-26 03:14:55.700000,40.7743,29.0702,12.5
2020-10-26 16:10:23.200000,40.7903,29.0743,11.1
2020-10-26 16:13:31.100000,40.782,29.087,18.6
2020-10-26 16:14:18.700000,40.7682,29.0732,7.6
2020-10-26 16:22:02.900000,40.7625,29.0825,14.3
2020-10-26 16:28:26.900000,40.7843,29.0438,10.7
2020-10-26 23:16:54.500000,40.762,29.0942,12.8
2020-10-26 23:18:41.700000,40.7798,29.078,13.2
2020-10-26 23:29:06.900000,40.767,29.0935,8.6
2020-10-26 23:36:39.900000,40.7645,29.097,8.1
2020-10-26 23:50:26.400000,40.7682,29.0837,14.0
2020-10-27 08:39:52.500000,40.5038,29.2588,0.0
2020-10-27 12:13:08.200000,40.4463,29.2067,0.0
2020-10-28 03:18:10.500000,40.6387,29.1967,16.9
2020-10-29 01:23:03.700000,40.5787,27.6142,7.5
2020-10-29 11:18:42.900000,40.5532,28.9853,5.1
2020-10-29 15:40:15.500000,40.4725,29.2105,0.0
2020-10-30 03:14:57.700000,40.7197,27.378,12.0
2020-11-01 09:19:55.100000,40.597,29.2363,0.0
2020-11-01 18:26:12.000000,40.4355,29.0952,8.1
2020-11-01 20:58:48.300000,40.7605,29.2807,4.4
2020-11-02 07:37:41.900000,40.857,28.0067,16.9
2020-11-03 06:46:48.500000,40.5073,29.2762,0.0
2020-11-04 11:49:34.300000,40.8368,28.3458,7.6
2020-11-05 05:46:45.300000,40.8353,28.3002,7.3
2020-11-05 06:12:45.500000,40.823,28.2907,14.3
2020-11-07 10:11:37.600000,40.394,29.186,0.0
2020-11-08 23:11:05.700000,40.6867,27.415,11.7
2020-11-09 02:30:39.300000,40.796,27.8048,15.8
2020-11-09 09:07:53.700000,40.4343,29.2672,0.0
2020-11-09 12:44:13.100000,40.4885,29.1928,0.0
2020-11-10 11:08:35.100000,40.4817,29.2848,0.0
2020-11-10 11:29:40.200000,40.4768,29.2868,0.0
2020-11-11 05:53:59.900000,40.6863,29.2635,6.2
2020-11-11 17:04:52.900000,40.4653,27.7493,3.7
2020-11-12 10:04:20.500000,40.5308,29.2045,0.0
2020-11-13 09:18:43.500000,40.4447,29.2133,0.0
2020-11-15 18:59:03.900000,40.5952,27.5267,12.2
2020-11-17 09:35:41.800000,40.7467,28.1812,13.3
2020-11-17 12:56:22.900000,40.3598,27.358,10.9
2020-11-18 21:14:34.500000,40.7678,27.4578,13.8
2020-11-19 06:08:58.000000,40.8182,28.0923,3.8
2020-11-19 06:36:57.700000,40.5885,29.0063,5.0
2020-11-19 06:37:30.400000,40.5557,28.9915,3.9
2020-11-19 07:06:59.700000,40.5987,29.0008,4.7
2020-11-19 15:14:16.200000,40.4267,28.9428,8.2
2020-11-19 18:16:53.300000,40.4252,28.9472,6.1
2020-11-19 18:50:54.700000,40.5717,28.9955,5.0
2020-11-19 20:40:36.600000,40.4317,28.9498,5.1
2020-11-20 00:47:45.800000,40.5693,29.0092,2.4
2020-11-20 00:48:52.000000,40.5793,29.0107,2.0
2020-11-20 00:50:23.200000,40.5818,29.011,3.0
2020-11-20 04:20:41.600000,40.4272,28.957,4.8
2020-11-20 04:25:24.500000,40.4283,28.9523,5.9
2020-11-20 05:21:00.400000,40.4393,28.9718,1.5
2020-11-20 06:45:37.900000,40.432,28.9543,5.5
2020-11-20 09:52:55.100000,40.5857,28.986,5.3
2020-11-20 10:03:24.100000,40.6285,28.991,5.3
2020-11-20 10:50:26.900000,40.6182,28.9927,9.1
2020-11-20 10:54:16.300000,40.6023,28.9815,6.3
2020-11-20 13:40:58.900000,40.591,29.0013,4.1
2020-11-20 13:42:27.800000,40.602,28.9963,4.8
2020-11-20 13:46:56.800000,40.6165,28.9963,5.2
2020-11-20 13:48:05.200000,40.5815,29.004,3.2
2020-11-20 18:57:44.500000,40.8795,28.2752,4.4
2020-11-20 20:09:33.400000,40.5658,28.9958,3.5
2020-11-21 11:16:07.300000,40.591,28.9958,7.7
2020-11-21 11:40:18.700000,40.4338,28.956,5.3
2020-11-22 00:32:06.800000,40.578,29.0095,1.9
2020-11-23 00:43:53.400000,40.5988,28.9965,4.7
2020-11-23 01:05:17.500000,40.5982,28.9985,3.8
2020-11-23 08:55:16.300000,40.6213,29.011,4.2
2020-11-23 19:01:28.400000,40.592,28.9987,3.3
2020-11-24 11:46:57.000000,40.5968,28.9967,5.0
2020-11-24 12:09:57.800000,40.4097,27.919,7.5
2020-11-24 15:11:21.200000,40.453,27.749,11.5
2020-11-24 19:14:28.800000,40.4415,27.9418,5.4
2020-11-26 05:43:55.100000,40.5715,29.0057,1.7
2020-11-26 06:03:33.900000,40.5898,29.0017,2.5
2020-11-26 06:03:53.900000,40.5667,29.0058,2.7
2020-11-26 06:30:50.100000,40.5845,29.002,3.7
2020-11-26 06:31:56.700000,40.5925,28.994,4.7
2020-11-26 07:55:11.500000,40.5948,28.9932,4.3
2020-11-26 12:12:17.200000,40.5907,28.9975,4.6
2020-11-26 12:12:49.000000,40.5992,28.9887,7.4
2020-11-26 13:56:23.000000,40.5898,28.999,4.0
2020-11-27 00:24:09.700000,40.5948,28.9862,4.6
2020-11-27 00:29:31.900000,40.5838,29.0062,3.3
2020-11-27 00:35:12.000000,40.6035,28.9788,10.1
2020-11-27 07:03:28.300000,40.5723,29.012,2.1
2020-11-27 20:37:04.600000,40.5805,29.0072,3.3
2020-11-28 05:57:50.500000,40.5883,29.0083,2.3
2020-11-28 05:58:38.400000,40.5858,28.9922,4.2
2020-11-28 05:58:59.900000,40.5835,29.0087,2.3
2020-11-28 06:14:35.600000,40.5747,29.0,4.1
2020-11-28 07:11:47.600000,40.5875,28.9833,9.8
2020-11-28 07:13:13.900000,40.5708,28.9893,5.0
2020-11-28 07:13:33.000000,40.5733,29.0073,2.7
2020-11-28 09:57:06.600000,40.5795,29.0112,1.9
2020-11-28 22:16:48.600000,40.7027,27.4038,10.9
2020-11-28 22:27:20.500000,40.6978,27.4187,6.5
2020-11-28 22:32:46.400000,40.57,29.0048,1.8
2020-11-29 02:22:44.500000,40.586,29.0182,1.8
2020-11-29 03:00:15.700000,40.59,29.006,10.3
2020-11-29 03:01:43.900000,40.5395,29.0355,13.2
2020-11-29 04:20:10.100000,40.6873,27.3923,10.5
2020-11-29 04:44:04.600000,40.5828,28.9868,8.1
2020-11-29 04:50:27.400000,40.5957,28.9762,7.1
2020-11-29 07:22:49.800000,40.595,28.9963,5.0
2020-11-29 09:15:41.500000,40.5662,29.0105,2.2
2020-11-29 10:18:15.100000,40.5943,28.9988,3.7
2020-11-29 10:18:41.900000,40.5732,29.0113,2.3
2020-11-29 10:19:06.500000,40.5685,29.022,3.3
2020-11-29 11:49:22.600000,40.7393,27.4807,11.0
2020-11-29 15:33:16.900000,40.6517,29.1237,3.8
2020-11-29 15:35:22.500000,40.6383,29.1292,12.0
2020-11-29 16:09:45.400000,40.6415,29.1347,10.6
2020-11-29 19:42:35.600000,40.7963,27.7033,11.7
2020-11-30 04:50:44.500000,40.5752,29.009,1.8
2020-11-30 08:33:46.900000,40.5738,29.014,2.0
2020-11-30 20:56:01.300000,40.6308,29.1682,5.3
2020-12-01 00:53:54.400000,40.4162,28.936,11.1
2020-12-01 01:01:19.500000,40.4272,28.951,5.1
2020-12-01 06:10:55.700000,40.5883,28.9907,4.1
2020-12-01 10:18:22.700000,40.5308,29.047,14.0
2020-12-01 10:35:03.500000,40.5745,29.0215,8.4
2020-12-01 10:57:17.200000,40.675,29.0073,5.0
2020-12-01 11:24:17.700000,40.4538,29.16,0.0
2020-12-01 12:40:46.800000,40.5903,28.9898,5.5
2020-12-01 12:44:37.800000,40.5843,28.9997,3.4
2020-12-01 12:53:38.200000,40.4288,28.9353,6.0
2020-12-01 15:07:16.700000,40.6037,28.9875,7.7
2020-12-01 16:22:45.700000,40.5827,28.996,15.9
2020-12-01 16:25:57.900000,40.583,29.0027,19.3
2020-12-02 02:10:28.100000,40.7788,27.7575,3.5
2020-12-02 03:51:27.900000,40.6317,28.9573,10.9
2020-12-02 08:06:20.400000,40.498,29.281,0.0
2020-12-02 08:54:41.500000,40.6078,29.01,10.6
2020-12-02 09:24:07.400000,40.4425,29.2153,0.0
2020-12-02 11:14:26.900000,40.5858,29.0142,2.1
2020-12-02 21:14:03.100000,40.7422,29.019,15.8
2020-12-03 01:10:14.900000,40.4313,28.9555,4.7
2020-12-03 02:38:12.900000,40.5885,28.9888,7.8
2020-12-03 02:38:58.000000,40.578,29.0092,2.3
2020-12-03 03:20:15.300000,40.5842,28.9955,6.0
2020-12-03 05:35:37.900000,40.4997,29.0633,14.1
2020-12-03 05:50:18.600000,40.5958,28.9942,4.8
2020-12-03 05:51:04.900000,40.564,29.0077,1.1
2020-12-03 08:30:43.300000,40.5148,29.2507,0.0
2020-12-03 09:07:08.800000,40.4547,29.2867,0.0
2020-12-03 09:08:23.700000,40.4345,29.2033,0.0
2020-12-03 11:56:32.000000,40.5817,28.985,5.0
2020-12-04 01:17:46.900000,40.5877,28.9915,4.9
2020-12-04 02:42:02.800000,40.5815,28.9947,3.1
2020-12-04 02:47:45.400000,40.555,28.9833,1.7
2020-12-04 02:54:09.900000,40.5887,28.9953,4.7
2020-12-04 02:55:35.900000,40.573,28.9753,5.0
2020-12-04 02:57:27.600000,40.5665,29.0053,1.4
2020-12-04 03:05:43.100000,40.578,28.9945,4.2
2020-12-04 10:09:16.800000,40.5817,28.9903,5.5
2020-12-04 11:19:31.800000,40.58,29.0047,5.1
2020-12-04 19:46:51.400000,40.6065,28.9768,5.7
2020-12-04 20:58:14.200000,40.6172,29.0048,5.0
2020-12-05 00:46:06.000000,40.5753,29.0092,2.3
2020-12-05 03:56:09.900000,40.5788,29.013,2.1
2020-12-05 03:56:24.600000,40.5835,29.0135,3.3
2020-12-05 04:02:01.100000,40.585,29.0078,3.2
2020-12-05 05:37:08.300000,40.5853,28.996,5.9
2020-12-05 13:21:14.400000,40.5712,29.0107,2.3
2020-12-06 12:24:05.700000,40.5788,29.0027,3.6
2020-12-06 16:33:59.900000,40.6997,27.4265,12.3
2020-12-06 17:10:15.100000,40.6255,28.963,12.9
2020-12-07 06:54:41.500000,40.8308,27.4703,6.4
2020-12-07 14:25:23.700000,40.5913,28.9838,9.5
2020-12-07 14:51:01.200000,40.5698,28.9902,5.0
2020-12-07 16:22:50.700000,40.4235,28.9402,6.9
2020-12-07 16:23:05.900000,40.4365,28.9547,4.5
2020-12-07 18:46:41.500000,40.4565,28.9512,5.0
2020-12-07 18:56:40.900000,40.4363,28.9395,6.4
2020-12-07 21:20:37.700000,40.434,28.948,5.1
2020-12-08 04:12:22.500000,40.502,29.0895,8.2
2020-12-08 08:28:35.200000,40.4407,28.965,4.3
2020-12-08 15:44:32.600000,40.4225,28.9443,7.9
2020-12-08 20:18:06.400000,40.5747,28.9968,6.1
2020-12-08 20:19:21.300000,40.5907,28.9975,5.4
2020-12-08 20:25:53.400000,40.585,29.0028,6.9
2020-12-08 20:29:45.400000,40.5732,29.0103,1.5
2020-12-09 08:19:50.000000,40.4788,29.2935,0.0
2020-12-09 19:26:08.300000,40.5797,29.0045,5.4
2020-12-09 20:13:47.900000,40.5585,28.9887,4.6
2020-12-10 20:38:43.400000,40.6128,28.9895,4.7
2020-12-11 02:51:02.700000,40.6307,29.052,7.5
2020-12-11 04:40:31.600000,40.8265,28.0768,14.8
2020-12-11 08:34:40.600000,40.5648,28.9947,5.0
2020-12-11 19:23:49.800000,40.6047,28.9963,9.7
2020-12-11 20:19:26.100000,40.6067,28.9943,4.9
2020-12-11 21:46:59.100000,40.7805,28.0372,3.6
2020-12-12 08:49:02.000000,40.605,29.0307,5.7
2020-12-13 04:19:54.900000,40.6257,29.0495,6.8
2020-12-13 06:25:30.900000,40.6397,29.0848,10.7
2020-12-13 08:39:05.900000,40.589,29.0027,13.0
2020-12-13 09:38:35.300000,40.6575,29.0518,14.1
2020-12-13 11:07:03.100000,40.5917,28.9967,4.3
2020-12-13 11:08:23.200000,40.594,29.0148,2.5
2020-12-13 23:18:46.900000,40.6085,28.9968,7.9
2020-12-13 23:35:17.100000,40.59,28.9927,5.5
2020-12-14 03:56:50.800000,40.4255,28.9927,6.0
2020-12-14 06:45:53.500000,40.6313,29.0538,5.0
2020-12-14 06:50:00.200000,40.5782,28.9828,4.8
2020-12-14 06:51:46.400000,40.5697,28.9993,3.7
2020-12-15 04:30:14.800000,40.3345,27.5437,13.0
2020-12-15 06:41:51.400000,40.648,29.0483,5.0
2020-12-15 13:22:56.500000,40.6048,29.0057,6.8
2020-12-15 20:44:39.900000,40.575,29.0172,5.4
2020-12-15 22:15:52.300000,40.5455,29.0348,14.2
2020-12-16 06:42:24.400000,40.4243,28.931,8.6
2020-12-16 12:00:25.500000,40.7905,27.7307,6.8
2020-12-16 12:30:17.400000,40.7167,27.679,3.6
2020-12-17 00:05:03.900000,40.5123,29.0602,16.5
2020-12-17 04:21:15.800000,40.7975,27.5293,8.7
2020-12-17 23:30:42.300000,40.4312,28.9333,5.3
2020-12-18 04:18:55.300000,40.4612,28.9165,4.2
2020-12-18 05:21:45.700000,40.4735,29.223,0.0
2020-12-18 07:38:23.800000,40.4353,28.9318,5.4
2020-12-18 22:04:06.100000,40.7072,27.405,5.3
2020-12-19 23:50:03.700000,40.6305,29.0638,10.4
2020-12-20 00:29:51.400000,40.6182,29.091,11.8
2020-12-20 09:10:27.800000,40.6285,29.0588,10.0
2020-12-20 13:04:01.600000,40.6013,29.0572,5.0
2020-12-20 17:42:39.400000,40.4247,28.9233,6.8
2020-12-20 18:11:05.600000,40.4282,28.9343,5.4
2020-12-20 20:33:16.100000,40.4278,28.9275,8.4
2020-12-20 22:23:11.900000,40.4218,28.9193,10.8
2020-12-21 11:34:28.800000,40.6242,29.0582,8.7
2020-12-21 12:10:31.700000,40.6298,29.0568,7.4
2020-12-23 11:11:53.400000,40.7948,27.8667,9.5
2020-12-24 00:11:01.000000,40.5757,27.9997,8.0
2020-12-24 13:56:16.300000,40.3635,27.435,6.3
2020-12-24 19:58:49.200000,40.3895,28.9498,11.2
2020-12-25 04:08:44.100000,40.6308,27.3437,11.6
2020-12-26 22:39:32.200000,40.606,29.09,16.7
2020-12-27 01:43:40.500000,40.6322,29.0807,7.1
2020-12-27 17:42:05.500000,40.6357,29.0463,8.1
2020-12-27 20:35:11.100000,40.6218,29.0598,7.8
2020-12-28 10:20:45.200000,40.6995,27.375,11.2
2020-12-28 23:48:45.600000,40.7892,27.52,15.4
2020-12-29 13:38:38.000000,40.7842,27.498,13.9
2020-12-29 19:50:13.000000,40.4235,28.946,6.5
2020-12-29 20:16:37.200000,40.4227,28.95,6.0
2020-12-29 21:41:53.000000,40.4337,28.9477,5.0
2020-12-30 08:15:16.000000,40.4928,29.2708,0.0
2020-12-31 01:33:39.000000,40.7447,27.4263,15.6
2020-02-01 10:35:33.300000,40.8575,28.168,21.1
2020-02-01 13:48:21.100000,40.6423,27.59,4.4
2020-02-02 00:57:43.300000,40.8358,28.1837,14.4
2020-02-03 16:52:26.900000,40.8495,28.1927,12.3
2020-02-04 06:27:09.200000,40.322,28.4157,9.7
2020-02-04 08:39:24.300000,40.5842,28.9672,7.2
2020-02-05 13:24:23.800000,40.7775,27.7668,19.0
2020-02-08 05:17:11.900000,40.7993,28.9433,17.5
2020-02-08 15:22:21.200000,40.8563,28.264,15.1
2020-02-09 22:43:51.700000,40.8425,28.2908,10.6
2020-02-11 22:07:24.100000,40.7202,28.654,9.2
2020-02-12 14:35:06.100000,40.4887,29.2578,0.0
2020-02-13 23:47:13.000000,40.829,28.0258,18.0
2020-02-14 02:50:54.900000,40.806,28.0378,12.6
2020-02-14 03:26:39.100000,40.841,28.0015,12.5
2020-02-14 11:40:26.900000,40.8372,28.8727,13.1
2020-02-21 10:19:13.600000,40.6,28.9685,7.8
2020-02-21 13:43:38.100000,40.9065,28.3113,3.6
2020-02-21 23:54:19.400000,40.3812,28.6892,7.2
2020-02-22 01:25:56.500000,40.7787,27.437,12.0
2020-02-22 07:07:48.900000,40.5898,27.7138,4.4
2020-02-22 21:17:32.900000,40.6063,27.4333,15.3
2020-02-23 23:16:23.200000,40.7895,27.4418,10.6
2020-02-24 05:31:01.500000,40.7805,27.83,19.5
2020-02-24 18:06:56.200000,40.8802,28.2172,12.7
2020-02-25 20:31:44.600000,40.7472,29.0843,12.4
2020-02-26 01:26:35.700000,40.4648,27.959,15.3
2020-02-26 12:21:57.000000,40.3943,28.9043,6.5
2020-02-27 09:00:07.100000,40.4058,28.9152,5.4
2020-02-27 12:59:18.900000,40.4222,28.9028,6.3
2020-02-28 05:23:45.500000,40.8258,28.0233,16.3
2020-02-28 06:22:24.600000,40.841,27.997,14.2
2020-02-28 08:59:49.800000,40.3692,27.9945,6.5
2020-02-28 09:08:53.700000,40.7765,27.6002,16.2
2020-02-28 09:49:00.700000,40.8188,28.0135,5.2
2020-03-04 08:51:19.100000,40.7265,29.0227,18.5
2020-03-02 14:19:55.400000,40.7505,29.209,13.6
2020-03-01 01:30:46.500000,40.7623,29.2053,17.4
2020-03-05 00:51:25.300000,40.7823,27.489,21.8
2020-03-08 21:28:51.700000,40.827,29.3212,12.4
2020-03-11 13:39:32.800000,40.748,27.4007,13.8
2020-03-28 08:22:00.200000,40.7273,29.1863,9.2
2020-03-22 10:22:56.500000,40.8323,27.797,7.7
2020-03-23 06:49:19.200000,40.7475,28.7403,6.8
2020-03-18 09:32:42.200000,40.3907,28.8593,5.6
2020-03-02 21:13:34.800000,40.8513,27.8878,5.0
2020-03-04 21:39:39.300000,40.8375,27.7712,4.1
2020-03-22 04:13:49.000000,40.6753,29.275,14.3
2020-03-09 19:21:50.600000,40.7942,27.7448,2.5
2020-03-31 14:24:56.700000,40.6023,27.5697,0.0
2020-03-04 15:29:44.200000,40.5718,28.9462,10.4
2020-03-11 13:32:21.800000,40.7772,27.4072,6.2
2020-03-05 00:51:15.900000,40.7792,27.4768,16.3
2020-03-25 09:12:04.500000,40.5557,27.3997,12.7
2020-03-29 14:49:10.200000,40.7955,28.6703,7.4
2020-03-01 07:47:18.700000,40.8583,28.3007,12.2
2020-03-21 12:36:47.900000,40.6117,29.0223,5.3
2020-03-23 09:53:19.800000,40.3012,29.1387,0.0
2020-03-08 11:04:55.100000,40.7062,29.2652,6.4
2020-03-29 03:56:59.700000,40.9018,28.2385,10.2
2020-03-25 10:15:34.500000,40.5685,27.3982,12.3
2020-03-04 08:28:27.300000,40.7637,28.878,9.1
2020-03-03 18:08:10.800000,40.8012,27.7262,9.8
2020-03-12 00:40:39.900000,40.8168,28.1335,14.8
2020-03-07 20:47:04.100000,40.8193,27.7455,18.8
2020-03-08 04:21:04.700000,40.7057,29.262,5.1
2020-03-11 16:09:06.900000,40.8002,27.7253,11.3
2020-03-22 14:55:55.900000,40.5427,28.1907,11.7
2020-03-25 19:15:07.200000,40.735,27.3543,11.3
2020-03-06 19:39:40.800000,40.7802,27.8258,19.2
2020-03-25 07:23:36.900000,40.509,29.284,18.3
2020-03-20 07:05:44.200000,40.6063,29.0102,5.1
2020-03-20 12:14:29.400000,40.5243,29.078,6.9
2020-04-01 12:26:54.200000,40.8728,28.2337,17.6
2020-04-01 19:03:23.300000,40.7788,27.4542,16.7
2020-04-03 00:58:00.400000,40.8847,28.7568,11.4
2020-04-03 06:37:04.900000,40.8167,29.0595,16.9
2020-04-04 14:15:43.900000,40.4357,28.7207,5.4
2020-04-04 21:49:53.200000,40.4625,27.4183,15.6
2020-04-05 11:03:16.600000,40.747,29.2508,14.4
2020-04-06 21:23:41.300000,40.7935,29.099,17.0
2020-04-09 21:23:44.500000,40.6597,27.3928,1.4
2020-04-10 07:42:22.400000,40.7457,29.0228,11.2
2020-04-10 09:28:24.300000,40.8222,28.0278,5.3
2020-04-10 10:12:30.400000,40.8332,28.0468,12.7
2020-04-10 11:54:44.900000,40.8173,28.0638,7.8
2020-04-12 11:33:21.400000,40.3873,27.4285,10.8
2020-04-13 09:03:26.800000,40.6435,27.3352,17.3
2020-04-13 11:42:01.600000,40.7822,27.7035,24.0
2020-04-15 13:50:46.100000,40.8125,27.6445,9.6
2020-04-15 22:11:32.900000,40.3155,27.316,16.3
2020-04-17 01:25:51.900000,40.775,27.4707,16.6
2020-04-19 02:20:05.900000,40.3058,28.3762,6.8
2020-04-20 00:57:48.300000,40.798,27.6902,10.2
2020-04-20 20:16:43.400000,40.63,28.9662,14.6
2020-04-21 00:47:33.600000,40.858,27.6508,7.4
2020-04-21 07:37:42.100000,40.5775,29.0525,2.5
2020-04-24 04:02:58.300000,40.3275,28.3648,7.1
2020-04-24 08:01:00.800000,40.3535,27.5003,5.3
2020-04-25 06:45:52.800000,40.8215,28.1843,19.0
2020-04-25 20:34:02.400000,40.3957,28.8687,5.5
2020-04-25 22:12:07.200000,40.8115,27.9523,19.0
2020-04-26 01:33:01.900000,40.6042,28.9308,12.5
2020-04-26 01:39:01.900000,40.6355,28.9393,10.8
2020-04-27 09:19:45.300000,40.6358,29.0317,5.5
2020-04-28 11:49:36.600000,40.8388,28.2553,14.6
2020-04-28 21:45:21.600000,40.6315,29.0293,11.6
2020-04-29 00:35:40.100000,40.7918,27.6245,12.4
2020-04-29 14:34:34.700000,40.8533,28.2903,16.0
2020-05-03 10:59:37.500000,40.8255,27.8668,11.8
2020-05-04 13:52:32.500000,40.727,29.152,10.3
2020-05-05 15:42:28.800000,40.7948,27.6605,6.5
2020-05-05 18:24:53.300000,40.7232,29.1338,8.8
2020-05-06 01:13:50.300000,40.6448,29.0918,15.3
2020-05-06 03:54:23.600000,40.6428,29.1013,17.8
2020-05-06 07:21:39.500000,40.6378,29.0917,9.9
2020-05-06 10:26:43.500000,40.3147,29.6197,2.7
2020-05-07 06:04:57.300000,40.6225,27.3147,9.2
2020-05-07 16:22:25.800000,40.3822,28.5833,14.3
2020-05-08 03:37:10.100000,40.6162,27.4458,3.7
2020-05-10 03:57:52.700000,40.6418,29.1737,5.0
2020-05-10 05:50:05.600000,40.6272,29.1383,5.0
2020-05-10 12:57:09.200000,40.826,28.288,6.7
2020-05-13 15:45:33.300000,40.7772,27.5368,18.1
2020-05-16 19:25:48.900000,40.7495,27.3348,17.7
2020-05-17 17:05:39.900000,40.6447,27.75,10.0
2020-05-18 07:56:20.900000,40.8057,27.5205,6.8
2020-05-19 18:43:06.700000,40.5852,28.8065,5.3
2020-05-21 05:03:24.600000,40.5357,28.2157,5.2
2020-05-21 08:15:10.600000,40.7803,27.5148,9.7
2020-05-21 16:11:32.700000,40.8152,28.9537,10.5
2020-05-21 21:26:27.900000,40.403,29.1005,4.4
2020-05-21 22:34:08.600000,40.4715,27.7782,14.4
2020-05-22 16:43:37.100000,40.635,27.895,16.2
2020-05-23 18:01:54.200000,40.5517,28.1947,10.0
2020-05-26 18:49:28.000000,40.7307,29.2737,14.5
2020-05-28 11:59:59.500000,40.6245,27.5978,10.2
2020-05-28 18:28:44.300000,40.721,27.39,16.1
2020-05-28 21:04:05.300000,40.6547,28.9335,10.1
2020-05-29 01:29:11.800000,40.6773,29.0078,7.1
2020-05-29 04:54:24.200000,40.5903,28.8912,14.6
2020-05-29 23:12:52.300000,40.5378,29.1207,4.2
2020-06-01 10:00:38.700000,40.4455,27.7005,8.1
2020-06-01 11:43:39.900000,40.901,28.1693,17.0
2020-06-04 21:22:28.900000,40.3905,28.2272,4.8
2020-06-05 09:25:59.600000,40.635,29.0348,10.7
2020-06-05 22:48:00.900000,40.7967,27.5472,12.7
2020-06-07 18:40:16.900000,40.324,27.4575,11.4
2020-06-07 19:19:26.800000,40.8418,28.2815,9.8
2020-06-09 07:48:05.100000,40.8153,28.1145,14.3
2020-06-09 11:12:19.800000,40.5457,28.1703,8.0
2020-06-10 02:25:18.200000,40.3557,27.4335,11.1
2020-06-10 04:41:02.500000,40.631,29.1502,10.7
2020-06-10 10:57:44.300000,40.8127,28.1585,5.8
2020-06-11 20:56:06.600000,40.8165,28.1437,14.0
2020-06-11 22:40:28.200000,40.8312,28.1318,14.2
2020-06-13 19:08:01.500000,40.853,28.0955,11.3
2020-06-15 05:56:30.600000,40.8817,28.269,11.1
2020-06-17 09:10:05.500000,40.7223,27.5057,6.9
2020-06-17 09:11:25.200000,40.4635,29.2835,0.0
2020-06-17 09:55:30.700000,40.3427,27.874,8.0
2020-06-18 13:03:43.900000,40.8675,27.9545,8.4
2020-06-18 21:41:03.900000,40.8217,28.0308,14.2
2020-06-19 00:21:01.600000,40.3892,28.7772,12.9
2020-06-20 11:04:17.400000,40.6312,29.2565,12.0
2020-06-20 17:51:31.200000,40.8458,28.2053,8.9
2020-06-21 12:06:57.800000,40.4493,27.5613,5.1
2020-06-22 09:11:40.700000,40.5,29.2907,0.0
2020-06-23 02:02:38.600000,40.5197,28.9322,1.2
2020-06-23 09:36:44.200000,40.6567,27.6107,3.7
2020-06-23 10:20:33.200000,40.458,29.1873,0.0
2020-06-24 11:50:05.900000,40.5178,28.9157,3.8
2020-06-24 16:51:57.400000,40.7777,28.9492,13.1
2020-06-25 22:49:57.500000,40.5557,28.8567,12.4
2020-06-26 09:16:21.700000,40.8553,28.0247,13.0
2020-06-26 13:15:52.200000,40.6898,27.6467,3.7
2020-06-27 03:50:26.900000,40.3433,27.5595,13.9
2020-06-27 13:25:55.800000,40.3358,27.3632,9.4
2020-06-28 01:42:49.400000,40.8675,28.3048,8.0
2020-06-28 13:52:31.700000,40.8625,28.0665,14.1
2020-06-28 21:22:35.600000,40.875,27.9743,19.1
2020-06-29 10:37:29.400000,40.378,28.7355,5.4
2020-06-29 11:55:11.900000,40.8147,27.9218,7.2
2020-06-30 06:08:43.700000,40.7292,28.9528,5.3
2020-06-30 14:16:57.400000,40.4918,29.271,0.0
2020-06-30 20:41:02.400000,40.8663,28.1507,12.2
2020-07-01 03:58:29.500000,40.3612,27.3867,4.5
2020-07-01 10:17:08.800000,40.522,27.4945,6.2
2020-07-02 22:19:10.800000,40.776,28.0472,14.7
2020-07-03 04:07:07.300000,40.7872,28.0512,14.4
2020-07-03 08:47:04.500000,40.5015,29.2555,0.0
2020-07-04 02:24:53.500000,40.814,27.8782,18.6
2020-07-04 13:36:22.800000,40.504,29.2593,0.0
2020-07-05 20:01:35.300000,40.4663,29.2572,14.3
2020-07-06 00:36:29.100000,40.4722,27.6023,11.8
2020-07-06 03:45:28.600000,40.7777,28.0388,20.6
2020-07-06 11:02:53.300000,40.8087,28.5793,7.5
2020-07-07 18:59:18.900000,40.651,29.1065,6.5
2020-07-08 13:27:01.900000,40.5345,29.2393,0.0
2020-07-10 00:29:50.600000,40.5333,27.4683,16.9
2020-07-10 11:34:21.800000,40.5668,27.447,19.9
2020-07-12 01:35:11.200000,40.6617,27.4072,11.2
2020-07-12 22:29:07.200000,40.7968,28.1117,2.9
2020-07-13 13:14:06.800000,40.8063,28.1968,5.0
2020-07-14 12:55:11.300000,40.89,28.2487,5.3
2020-07-14 20:59:37.400000,40.8545,28.2887,8.2
2020-07-16 01:41:57.100000,40.4238,27.6962,14.3
2020-07-16 01:59:11.100000,40.728,27.4403,14.7
2020-07-17 09:03:12.900000,40.536,29.218,0.0
2020-07-17 10:44:26.400000,40.4108,29.1522,0.0
2020-07-21 06:39:44.300000,40.4755,28.0895,16.2
2020-07-22 23:29:38.500000,40.5908,28.8622,3.0
2020-07-23 07:00:00.400000,40.7577,27.4463,10.6
2020-07-25 00:27:11.600000,40.4657,28.4027,5.3
2020-07-27 13:12:45.800000,40.4475,27.5318,6.2
2020-07-28 05:59:53.900000,40.7353,27.3435,9.7
2020-07-28 17:52:26.400000,40.8725,28.2325,9.4
2020-07-30 22:44:31.500000,40.768,28.8515,6.5
2020-07-31 02:50:54.200000,40.7663,27.4412,11.2
2020-08-01 18:35:25.200000,40.7998,27.8118,7.8
2020-08-03 03:33:44.500000,40.6792,29.2788,10.9
2020-08-03 23:23:58.800000,40.6915,29.2317,6.5
2020-08-07 04:31:13.100000,40.5742,28.9262,2.2
2020-08-09 21:40:01.900000,40.8458,28.2812,6.9
2020-08-12 05:52:54.100000,40.8158,27.7362,9.9
2020-08-15 14:58:00.800000,40.8617,27.731,9.5
2020-08-17 16:29:40.700000,40.3412,29.5372,5.0
2020-08-18 11:49:49.900000,40.635,27.4693,12.1
2020-08-19 18:40:36.400000,40.7328,27.4712,10.3
2020-08-25 20:49:38.700000,40.342,27.8588,14.3
2020-08-26 14:12:12.400000,40.5292,29.2818,0.0
2020-08-27 08:29:50.700000,40.8428,28.6343,6.4
2020-08-28 07:27:24.200000,40.4863,29.2822,0.0
2020-08-28 14:57:15.900000,40.7997,29.6192,0.0
2020-08-28 22:18:45.300000,40.532,28.1483,9.0
2020-08-29 01:46:24.900000,40.8362,28.2763,6.6
2020-08-29 23:27:11.500000,40.7642,27.7765,15.0
2020-08-30 14:53:15.300000,40.334,28.2073,5.4
2020-08-30 14:58:38.900000,40.4282,28.7698,3.5
2020-08-31 00:07:45.200000,40.7645,28.05,8.9
2020-08-31 13:23:37.600000,40.711,29.097,4.7
2020-08-31 18:32:25.600000,40.7232,29.0775,3.7
2020-08-31 18:32:56.100000,40.4395,28.0997,10.1
2020-09-01 03:44:11.400000,40.8447,27.7135,19.2
2020-09-01 22:17:19.400000,40.6755,27.4778,11.2
2020-09-03 18:25:44.700000,40.3338,27.4517,3.2
2020-09-04 03:34:11.900000,40.3852,28.7923,4.5
2020-09-04 22:57:36.700000,40.3448,27.4088,6.0
2020-09-05 02:59:16.700000,40.5683,28.9147,10.7
2020-09-06 02:45:47.800000,40.3707,29.629,9.7
2020-09-06 06:12:06.300000,40.337,27.419,3.5
2020-09-06 23:25:36.300000,40.8858,28.2088,12.4
2020-09-06 23:50:55.400000,40.7058,27.4705,13.0
2020-09-08 08:30:38.000000,40.502,29.2918,0.0
2020-09-08 20:28:06.600000,40.6955,27.39,13.7
2020-09-08 20:34:30.500000,40.7018,27.4065,13.7
2020-09-08 21:50:46.600000,40.6983,27.4242,12.7
2020-09-08 21:55:58.700000,40.699,27.4195,12.5
2020-09-08 21:57:23.500000,40.7013,27.4195,13.6
2020-09-08 22:06:27.000000,40.7052,27.4213,14.6
2020-09-08 22:08:08.700000,40.709,27.4253,13.1
2020-09-08 22:17:17.900000,40.7208,27.4353,17.8
2020-09-08 22:18:18.200000,40.7222,27.4597,6.7
2020-09-08 22:19:41.600000,40.68,27.4495,2.8
2020-09-08 22:25:58.300000,40.7033,27.424,12.9
2020-09-08 22:27:49.500000,40.7095,27.4208,13.1
2020-09-08 22:32:13.800000,40.7197,27.4275,15.6
2020-09-08 22:55:56.800000,40.7017,27.4157,6.2
2020-09-08 22:59:13.800000,40.7102,27.3823,9.9
2020-09-08 23:03:46.300000,40.7002,27.4285,12.4
2020-09-08 23:12:12.200000,40.7027,27.4377,11.0
2020-09-08 23:15:27.900000,40.7157,27.4563,7.4
2020-09-08 23:15:52.800000,40.6972,27.4312,14.9
2020-09-08 23:17:50.900000,40.697,27.4235,12.4
2020-09-08 23:21:49.400000,40.7023,27.4517,7.4
2020-09-08 23:39:50.200000,40.7145,27.4152,13.7
2020-09-08 23:52:30.500000,40.6737,27.3917,7.9
2020-09-08 23:54:46.500000,40.7585,27.4608,8.5
2020-09-09 00:00:19.600000,40.6683,27.4137,7.5
2020-09-09 00:09:36.500000,40.6958,27.4237,11.5
2020-09-09 00:14:32.500000,40.7063,27.44,6.8
2020-09-09 00:15:56.400000,40.7335,27.45,17.0
2020-09-09 00:18:31.300000,40.6875,27.4317,6.5
2020-09-09 00:46:47.500000,40.6908,27.4442,10.9
2020-09-09 00:57:19.300000,40.7102,27.4607,7.5
2020-09-09 01:18:32.700000,40.7335,27.4368,13.9
2020-09-09 01:22:30.000000,40.7003,27.4335,12.0
2020-09-09 01:43:13.900000,40.7015,27.401,11.0
2020-09-09 02:46:28.800000,40.6993,27.423,10.6
2020-09-09 03:02:27.100000,40.7032,27.4132,12.1
2020-09-09 04:39:41.400000,40.7093,27.4382,5.7
2020-09-09 04:49:35.900000,40.6927,27.4317,7.5
2020-09-09 06:06:34.400000,40.6755,27.4182,5.0
2020-09-09 06:19:30.100000,40.7028,27.4432,12.2
2020-09-09 08:10:42.000000,40.6805,27.4798,1.4
2020-09-09 08:43:18.200000,40.6658,27.3687,4.1
2020-09-09 12:29:08.200000,40.6803,27.4605,8.3
2020-09-09 13:14:03.900000,40.7092,27.3992,5.6
2020-09-09 15:06:16.800000,40.7047,27.4283,13.1
2020-09-09 16:25:05.700000,40.7017,27.4192,14.8
2020-09-09 16:31:35.200000,40.685,27.4013,10.6
2020-09-09 17:45:53.300000,40.6987,27.4318,10.0
2020-09-09 17:51:39.800000,40.6637,27.3977,10.5
2020-09-09 19:39:11.600000,40.6925,27.4257,9.5
2020-09-09 19:46:56.800000,40.7055,27.4225,12.5
2020-09-09 19:54:12.400000,40.6958,27.4283,8.6
2020-09-09 20:20:31.800000,40.7015,27.419,12.5
2020-09-09 20:24:42.600000,40.7203,27.4257,6.2
2020-09-09 20:41:11.600000,40.6987,27.4315,9.9
2020-09-09 21:06:50.500000,40.6985,27.4085,12.2
2020-09-09 21:29:18.900000,40.6967,27.423,8.1
2020-09-09 22:24:46.800000,40.7002,27.4317,7.0
2020-09-09 22:31:38.800000,40.7017,27.4032,14.5
2020-09-09 22:34:36.600000,40.7017,27.4085,13.2
2020-09-09 22:35:03.900000,40.708,27.45,4.3
2020-09-09 22:38:16.800000,40.6818,27.466,5.0
2020-09-09 22:42:26.700000,40.702,27.4048,14.2
2020-09-10 00:03:31.900000,40.6528,27.4158,1.7
2020-09-10 00:19:35.700000,40.6797,27.4005,11.0
2020-09-10 00:23:43.400000,40.7382,27.446,16.3
2020-09-10 00:31:20.100000,40.7133,27.4268,14.9
2020-09-10 00:33:03.800000,40.6727,27.4203,10.6
2020-09-10 03:17:17.200000,40.6642,27.4223,4.6
2020-09-10 08:16:47.800000,40.7203,27.4615,8.3
2020-09-10 10:12:58.900000,40.6987,27.457,13.1
2020-09-10 15:15:17.400000,40.7117,27.4282,11.4
2020-09-11 19:29:14.400000,40.4715,27.472,5.4
2020-09-11 19:42:14.400000,40.6857,27.442,6.9
2020-09-11 19:54:09.300000,40.4235,27.4662,7.8
2020-09-11 19:57:15.400000,40.4427,27.4645,5.8
2020-09-12 06:38:19.500000,40.6953,27.4117,10.9
2020-09-13 15:55:59.100000,40.6872,27.424,6.7
2020-09-13 23:06:04.500000,40.3925,28.68,7.1
2020-09-14 07:48:01.500000,40.316,27.4138,8.4
2020-09-15 09:51:26.700000,40.3893,28.0058,20.9
2020-09-16 09:47:52.900000,40.7027,27.4095,11.6
2020-09-16 21:01:50.200000,40.6927,27.3877,10.5
2020-09-18 04:02:17.500000,40.8068,27.6493,19.2
2020-09-20 20:20:56.300000,40.5945,29.0545,5.2
2020-09-20 20:30:06.900000,40.6093,29.0685,4.8
2020-09-21 04:02:40.900000,40.6688,27.4417,3.7
2020-09-21 05:39:32.900000,40.7128,27.4282,16.2
2020-09-22 09:56:02.500000,40.8252,27.6343,8.4
2020-09-22 12:20:46.600000,40.6717,27.425,5.4
2020-09-22 12:59:29.100000,40.6823,27.4162,10.7
2020-09-23 11:40:14.300000,40.3963,29.3797,11.6
2020-09-23 11:43:26.000000,40.492,29.2752,0.0
2020-09-23 18:52:37.400000,40.7563,27.4275,15.3
2020-09-23 19:06:04.900000,40.77,27.4327,17.6
2020-09-23 21:09:37.600000,40.7318,27.4555,15.8
2020-09-23 21:14:06.600000,40.7178,27.4537,13.5
2020-09-24 13:38:31.200000,40.8132,28.144,13.7
2020-09-24 18:06:40.700000,40.8195,28.1748,14.4
2020-09-24 21:12:10.600000,40.8202,28.0855,11.6
2020-09-25 10:28:09.800000,40.819,28.1555,13.6
2020-09-26 04:16:52.200000,40.8132,27.8232,7.0
2020-09-27 00:58:42.300000,40.8212,28.199,12.0
2020-09-27 22:54:36.200000,40.5463,27.4783,14.5
2020-09-29 04:52:59.400000,40.7453,27.3847,10.7
2020-09-29 07:11:43.000000,40.8432,28.1837,6.5
2020-09-30 11:17:58.200000,40.5317,29.2448,0.0
